name,brand,category,price,region,tags,rating,stock,description,image_url,mode
boAt Airdopes 141,boAt,Audio,1299,India,"wireless,earbuds,audio",4.2,150,"True wireless earbuds with long battery life.","https://www.boat-lifestyle.com/cdn/shop/files/AD141-FI_Black01_600x.png?v=1698391770",gaming
boAt Rockerz 255 Pro+,boAt,Audio,1799,India,"wireless,earphones,music",4.4,120,"Bluetooth earphones with extra bass.","https://www.boat-lifestyle.com/cdn/shop/files/R255Pro_-FI_Black01_1300x.png?v=1713177293",gaming
boAt Rockerz 370 Pro,boAt,Audio,1299,India,"headphones,wireless,audio",4.1,100,"Wireless over-ear headphones with clear sound.","https://www.boat-lifestyle.com/cdn/shop/files/ROCKERZ_370_PRO_PP.74_800x.png?v=1724993630",gaming
boAt Immortal 131,boAt,Gaming Accessories,1999,India,"gaming,earbuds,RGB",4.3,80,"Gaming TWS earbuds with RGB lights.","https://www.boat-lifestyle.com/cdn/shop/files/Artboard1copy_800x.png?v=1712639870",gaming
boAt BassHeads 110,boAt,Audio,499,India,"wired,earphones,bass",4.0,200,"Wired earphones with powerful bass.","https://www.boat-lifestyle.com/cdn/shop/products/bassheads-110-white_600x.png?v=1613457275",gaming
House of Bruar Apparel 2,House of Bruar,Clothing,2200,India,"apparel,shirt,houseofbruar",4.0,60,"House of Bruar apparel — design 2","https://media.houseofbruar.com/www/images/products/medium/TN08251CARANATIONPLAIN.jpg",fashion
House of Bruar Apparel 3,House of Bruar,Clothing,2300,India,"apparel,shirt,houseofbruar",4.0,55,"House of Bruar apparel — design 3","https://media.houseofbruar.com/www/images/products/medium/TP10208ANTBLUEGREEN.jpg",fashion
House of Bruar Apparel 4,House of Bruar,Clothing,2100,India,"apparel,shirt,houseofbruar",4.2,45,"House of Bruar apparel — design 4","https://media.houseofbruar.com/www/images/products/medium/TS12327ANCBLACKWATCH.jpg",fashion
House of Bruar Apparel 5,House of Bruar,Clothing,2150,India,"apparel,shirt,houseofbruar",4.1,50,"House of Bruar apparel — design 5","https://media.houseofbruar.com/www/images/products/medium/TP23009BLACKWATCH.jpg",fashion
Raymond Shirt 1,Raymond,Clothing,1800,India,"shirt,raymond,apparel",4.0,70,"Raymond shirt design 1","https://myraymond.com/cdn/shop/files/RMTS05219-O8-2.jpg",fashion
Raymond Shirt 2,Raymond,Clothing,1900,India,"shirt,raymond,apparel",4.1,65,"Raymond shirt design 2","https://myraymond.com/cdn/shop/files/RCKD01231-B6-1.jpg",fashion
Raymond Shirt 3,Raymond,Clothing,2000,India,"shirt,raymond,apparel",4.0,60,"Raymond shirt design 3","https://myraymond.com/cdn/shop/files/CMSS30197-B6-6.jpg",fashion
Lenskart Glasses Kids Blue‑Block,Lenskart,Eyewear,1200,India,"eyewear,glasses,lenskart",4.3,80,"Lenskart kids blue‑block glasses","https://static5.lenskart.com/media/catalog/product/pro/1/thumbnail/480x480/9df78eab33525d08d6e5fb8d27136e95//l/i/alaya-:-gold-tortoise-full-rim-cat-eye-lenskart-air-fusion-la-e11824-c2-eyeglasses_left-1",fashion
John Jacobs Sunglasses,John Jacobs,Eyewear,1600,India,"sunglasses,eyewear,johnjacobs",4.2,75,"Gunmetal Blue John Jacobs sunglasses","https://static5.lenskart.com/media/catalog/product/pro/1/thumbnail/480x480/9df78eab33525d08d6e5fb8d27136e95//j/i/Gunmetal-Blue-Square-John-Jacobs-JJ-Tints-JJ-S14446-C4-Sunglasses_G_1069.jpg",fashion
John Jacobs Eyeglasses,John Jacobs,Eyewear,1500,India,"eyeglasses,johnjacobs",4.1,70,"John Jacobs eyeglasses model","https://static5.lenskart.com/media/catalog/product/pro/1/thumbnail/480x480/9df78eab33525d08d6e5fb8d27136e95//j/i/john-jacobs-jj-e16116-c2-eyeglasses_g_8778_19_10_2023.jpg",fashion
Vincent Chase Eyewear,Vincent Chase,Eyewear,1700,India,"eyewear,vincentchase",4.0,65,"Sleek steel Vincent Chase eyeglasses","https://static5.lenskart.com/media/catalog/product/pro/1/thumbnail/480x480/9df78eab33525d08d6e5fb8d27136e95//v/i/copper-brown-full-rim-round-vincent-chase-sleek-steel-vc-e15069-c2-eyeglasses_g_3676_10_14_22.jpg",fashion
RedMagic Gaming Device,RedMagic,Gaming,45000,India,"gaming,smartphone,redmagic",4.4,70,"RedMagic gaming device","https://global.redmagic.gg/cdn/shop/files/Black-PC-01_823x.png?v=1752566702",gaming
Rasna Pouch,Rasna,Beverage,90,India,"beverage,rasna",3.8,600,"Rasna pouch","https://rasna.shop/cdn/shop/files/750POUCH.jpg?v=1740745746&width=713",budget broke
Xiaomi Earbuds,Xiaomi,Audio,1299,India,"wireless,earbuds",4.0,100,"Xiaomi wireless earbuds","https://i02.appmifile.com/123_operator_sg/12/02/2025/38418a27801333cbce915168b60a1cc8.jpg",gaming
Redmi A3,Redmi,Smartphone,7499,India,"smartphone,android",4.2,200,"Redmi A3 smartphone","https://i02.appmifile.com/mi-com-product/fly-birds/redmi-a3/in/pc/a1235c1a1611134fe7ede0be67da4251.png",gaming
Samsung Galaxy A35,Samsung,Smartphone,25999,India,"smartphone,samsung,5G",4.3,150,"Samsung Galaxy A35 5G","https://images.samsung.com/is/image/samsung/p6pim/in/feature/165087957/in-feature-galaxy-a35-5g-sm-a356-540789527?$FB_TYPE_A_JPG$",gaming
Samsung Galaxy Tab A11,Samsung,Tablet,20999,India,"tablet,android",4.4,120,"Samsung Galaxy Tab A11 with 11-inch display","https://images.samsung.com/is/image/samsung/p6pim/in/sm-x135gzaains/gallery/in-galaxy-tab-a11-sm-x130-565456-sm-x135gzaains-thumb-549175207?$216_216_PNG$",gaming
Samsung Galaxy S25 Edge,Samsung,Smartphone,79999,India,"smartphone,flagship",4.6,100,"Samsung Galaxy S25 Edge – premium flagship","https://images.samsung.com/in/smartphones/galaxy-s25-edge/images/galaxy-s25-edge-features-kv.jpg?imbypass=true",gaming
Samsung Galaxy A16 5G,Samsung,Smartphone,13999,India,"smartphone,5G",4.3,160,"Samsung Galaxy A16 5G","https://images.samsung.com/is/image/samsung/p6pim/in/sm-a166pzdhins/gallery/in-galaxy-a16-5g-sm-a166-sm-a166pzdhins-thumb-544007856?$216_216_PNG$",gaming
Sony BRAVIA 9,Sony,Television,219999,India,"tv,sony,oled",4.7,80,"Sony BRAVIA 9 OLED TV for cinematic experience","https://sony.scene7.com/is/image/sonyglobalsolutions/TVFY25_BRAVIA9_Cinema_1linkintro-image-lo?$originalDimensions$",kitchen_appliances
Samsung Monitor (model unknown),Samsung,Monitor,18999,India,"monitor,display",4.3,90,"Samsung smart display monitor","https://m.media-amazon.com/images/I/61nl8vSa8vL._AC_SY300_SX300_QL70_FMwebp_.jpg",kitchen_appliances
LG MyView Smart Monitor 32SR50F,LG,Monitor,16500,India,"monitor,smart,lg",4.4,60,"LG 32-inch MyView Smart Monitor","https://www.lg.com/content/dam/channel/wcms/in/monitors/my-view-smart-monitor/mnt-smart-32sr50f-2023/gallery/dz-01.jpg/jcr:content/renditions/thum-1600x1062.jpeg?w=800",kitchen_appliances
LG 55UA82006LA 4K TV,LG,Television,47999,India,"tv,4k,smart",4.5,75,"LG 55-inch 4K UHD Smart TV","https://www.lg.com/content/dam/channel/wcms/in/images/tv-images/new-features/55UA82006LA_2010x1334_1.jpg/jcr:content/renditions/thum-1600x1062.jpeg?w=800",kitchen_appliances
LG Refrigerator GL-I292RPZX,LG,Appliances,28999,India,"refrigerator,double-door",4.4,100,"LG 260L Double Door Refrigerator","https://www.lg.com/content/dam/channel/wcms/in/images/refrigerators/updated/new/GL-I292RPZX-2010x1334.jpg/jcr:content/renditions/thum-1600x1062.jpeg?w=800",kitchen_appliances
LG Refrigerator GL-M051RSWB,LG,Appliances,18999,India,"refrigerator,single-door",4.2,130,"LG Single Door 185L Refrigerator","https://www.lg.com/content/dam/channel/wcms/in/images/refrigerators/updated5/GL-M051RSWB-2010x1334-1.jpg/jcr:content/renditions/thum-1600x1062.jpeg?w=800",kitchen_appliances
Whirlpool Refrigerator 1,Whirlpool,Appliances,21999,India,"refrigerator,double-door",4.3,120,"Whirlpool double-door refrigerator","https://whirlpoolindia.vtexassets.com/arquivos/ids/169987-1200-auto?v=638780443121900000&width=1200&height=auto&aspect=true",kitchen_appliances
Whirlpool Refrigerator 2,Whirlpool,Appliances,19999,India,"refrigerator,double-door",4.2,110,"Whirlpool double-door refrigerator","https://whirlpoolindia.vtexassets.com/arquivos/ids/169333-1200-auto?v=638683756226200000&width=1200&height=auto&aspect=true",kitchen_appliances
Whirlpool Refrigerator 3,Whirlpool,Appliances,18999,India,"refrigerator,single-door",4.1,130,"Whirlpool single-door refrigerator","https://whirlpoolindia.vtexassets.com/arquivos/ids/161142-1200-auto?v=637894860905770000&width=1200&height=auto&aspect=true",kitchen_appliances
Bajaj Mixer Grinder,Bajaj,Kitchen Appliances,2999,India,"mixer,kitchen",4.0,90,"Bajaj Mixer Grinder for daily use","https://rukminim2.flixcart.com/image/312/312/xif0q/mixer-grinder-juicer/b/t/c/-original-imahehzw4cw4zz5g.jpeg?q=70&crop=false",kitchen_appliances
Bajaj AFX7 Air Fryer,Bajaj,Kitchen Appliances,5999,India,"air fryer,kitchen",4.3,60,"Bajaj AFX7 Air Fryer – healthier cooking","https://5.imimg.com/data5/VQ/WP/MY-3407885/bajaj-afx7-air-fryer-1000x1000.jpg",kitchen_appliances
Bajaj Majesty KTX 9 Kettle,Bajaj,Kitchen Appliances,1399,India,"kettle,electric",4.2,80,"Bajaj 1L electric kettle","http://5.imimg.com/data5/SELLER/Default/2023/7/330393270/RS/MF/IK/181066436/bajaj-majesty-ktx-9-1-litre-stainless-steel-kettle-1000x1000.jpg",kitchen_appliances
Cosmic Byte GS430 Gaming Headset,Cosmic Byte,Headset,1299,India,"gamer,headset,RGB",4.4,45,"Comfortable gaming headphones with RGB lighting and noise-isolating mic for immersive gameplay.","https://cdns3.thecosmicbyte.com/wp-content/uploads/GS430-RED.jpg",gaming
Redgear A-15 Wired Gaming Mouse,Redgear,Mouse,399,India,"gaming mouse,RGB,budget gamer",4.3,52,"Fast-tracking gaming mouse with programmable buttons and RGB for budget gamers.","https://images-na.ssl-images-amazon.com/images/I/61o-AE7tqVL._AC_UL116_SR116,116_.jpg",gaming
ASUS TUF H3 Gaming Headset,ASUS,Headset,3499,Global,"premium gamer,headset,TUF series",4.6,20,"Durable metal-build gaming headset with deep bass and 7.1 surround via Armoury Crate.","https://dlcdnwebimgs.asus.com/gain/B7AAEDB5-B790-4C4E-B921-296749E4C3EA/w717/h525/fwebp",gaming
Redragon K552 Mechanical Keyboard,Redragon,Keyboard,2899,Global,"mechanical keyboard,RGB,gamer",4.5,30,"Compact mechanical keyboard with clicky blue switches and durable build quality.","https://www.redragon.in/cdn/shop/products/K552RGB.png?v=1628501716&width=1000",gaming
Logitech G203 LightSync,Logitech,Mouse,1799,Global,"gaming mouse,lightweight,RGB",4.7,25,"Ultra-responsive lightweight mouse with Lightsync RGB and 8k DPI sensor.","https://resource.logitechg.com/w_692,c_lpad,ar_4:3,q_auto,f_auto,dpr_2.0/d_transparent.gif/content/dam/gaming/en/products/refreshed-g203/2025-update/g203-mouse-top-angle-black-gallery-1.png?v=1",gaming
HP Gaming Keyboard Mouse Combo,HP,Accessories,999,India,"combo,keyboard,mouse,budget gamer",4.2,40,"Affordable gaming set including RGB keyboard and ergonomic gaming mouse.","https://in-media.apjonlinecdn.com/catalog/product/cache/b3b166914d87ce343d4dc5ec5117b502/5/1/519T1AA-2_T1698974460.png",gaming
Stellar Blade Poster Print,Sony Art,Poster,299,Global,"gaming poster,decor,ps5",4.8,60,"High-quality poster print featuring Stellar Blade artwork for gaming rooms.","https://gmedia.playstation.com/is/image/SIEPDC/stellar-blade-keyart-no-logo-01-en-7jun24?$600px--t$",gaming
Until Dawn Poster Print,Sony Art,Poster,249,Global,"horror,gaming poster,ps5",4.7,50,"Atmospheric poster from Until Dawn to enhance gaming wall aesthetics.","https://gmedia.playstation.com/is/image/SIEPDC/until-dawn-hero-mobile-01-en-22jan24?$600px--t$",gaming
Ant Esports KM500 Gaming Combo,Ant Esports,Accessories,1499,India,"keyboard mouse combo,gamer,RGB",4.4,35,"RGB mechanical-feel keyboard with anti-ghosting and ergonomic gaming mouse.","https://m.media-amazon.com/images/I/81whXrIADyL._SX679_.jpg",gaming
Ant Esports H800 Headset,Ant Esports,Headset,999,India,"gaming headset,budget gamer",4.3,48,"Lightweight gaming headset with clear mic and punchy bass for daily gamers.","https://antesports.com/wp-content/uploads/2023/04/H800Listing_1-416x416.png",gaming
Ant Esports GM500 RGB Mouse,Ant Esports,Mouse,599,India,"RGB mouse,precision,gamer",4.4,43,"High-precision RGB gaming mouse ideal for FPS and casual gamers.","https://antesports.com/wp-content/uploads/2025/05/Listing-Image_1-removebg-preview-29-416x416.png",gaming
Condenser Studio Microphone DWM006,Digitek,Audio,2499,India,"microphone,recording,creator",4.4,50,"USB studio condenser mic for singing, podcasting and video recording.","https://www.digitek.net.in/cdn/shop/files/DWM006PRORPD-1.jpg?v=1750070704&width=800",creator
Pop Filter Windscreen,Generic,Audio Accessory,199,India,"pop-filter,recording,studio",4.2,200,"Removes pop noise and protects microphone — essential for clean recordings.","https://futureforward.in/images/thumbs/001/0015483_windscreens-pop-filters.jpeg",creator
Adjustable Mic Stand,CASTON,Audio Accessory,899,India,"mic-stand,recording,studio",4.3,100,"Sturdy adjustable stand to hold mics for podcasts, streams and recording sessions.","https://cason.in/cdn/shop/products/0.1_907096cf-a2da-4eb7-92b6-ec54215585ee.jpg?v=1659628232&width=713",creator
Shock Mount + Windshield Kit,Saramonic,Audio Accessory,1299,India,"mic-kit,windshield,studio",4.5,40,"Windshield and suspension to reduce noise & vibration during recording.","https://futureforward.in/images/thumbs/009/0092723_saramonic-vws-windshield-and-suspension-system-for-shotgun-and-pencil-microphones_300.jpeg",creator
Gaming Headset Zeb Companion 303,Zebronics,Audio,1599,India,"headset,gaming,recording",4.1,60,"Affordable headset with mic — good for gaming, streaming or video calls.","https://zebronics.com/cdn/shop/files/zeb-companion303-pic1.jpg?v=1702621853&width=500",creator
Compact Portable Mic,Generic,Audio,799,India,"mic,portable,creator",4.0,120,"Small portable mic ideal for mobile recording or on-the-go content creation.","https://m.media-amazon.com/images/I/31HSfH1VceL._SL500_.jpg",creator
USB Shotgun Microphone,Generic,Audio,899,India,"mic,shotgun,video",4.2,150,"Shotgun mic for DSLR/phone videos — enhances vocal clarity for vlogs/streams.","https://m.media-amazon.com/images/I/41t-aHnkCmL._SL500_.jpg",creator
Digital Drawing Tablet XP-Pen (small),XP-Pen,Electronics,2499,India,"drawing,tablet,artist",4.4,70,"Compact drawing tablet — perfect for digital art, thumbnails, editing.","https://www.xp-pen.com/Uploads/images/2025/09/17588525015a674c8d01222e73.jpg",creator
XP-Pen Tablet with Pen,XP-Pen,Electronics,2999,India,"drawing,tablet,artist",4.5,50,"Advanced graphics tablet for illustrators, animators and content creators.","https://www.xp-pen.com/Uploads/images/2025/10/1760347232cafa4c4e0f1a0294.jpg",creator
Sunday Rest Memory Foam Pillow,Sunday Rest,Home & Living,1999,India,"sleep,comfort,bedding",4.6,50,"Ergonomic memory foam pillow for better sleep posture and neck support.","https://www.sundayrest.com/cdn/shop/products/Slide_1.png?v=1615374854",sleep
Bath & Body Works Lavender Sleep Mist,Bath & Body Works,Home Fragrance,799,India,"sleep,aroma,relax",4.4,120,"Calming lavender mist to spray before bed — helps relax mind and improve sleep.","https://www.bathandbodyworks.in/on/demandware.static/-/Sites-bathandbody_storefront_catalog/default/dwa731366b/DDD%2060.webp",sleep
Rotary Foam Earplugs (Pack of 50),Generic,Accessories,149,India,"sleep,earplugs,noise-reduction",4.2,300,"Soft foam earplugs to block ambient noise for undisturbed sleep.","https://5.imimg.com/data5/ANDROID/Default/2025/4/502961570/PT/DD/RO/241885626/product-jpeg-250x250.jpg",sleep
White Noise Sleep Machine,BASICS,Electronics,1299,India,"sleep,relaxation,white-noise",4.3,80,"Compact white-noise machine with multiple soothing sound modes for deep sleep.","https://m.media-amazon.com/images/I/51eWgwkv5wL._AC_UL480_FMwebp_QL65_.jpg",sleep
Cooling Gel Memory Pillow,Xiaomi India,Home & Living,1099,India,"sleep,cooling,pillow",4.5,70,"Cooling gel pillow to reduce heat and improve comfort for sleepers who feel hot at night.","https://m.media-amazon.com/images/I/31we7tebp8L._SL500_.jpg",sleep
3D Contoured Sleep Eye Mask,MyMzoo,Accessories,299,India,"sleep,eye-mask,light-block",4.4,150,"Zero-pressure 3D sleep mask to block light and help you fall asleep faster.","https://mymzoo.com/wp-content/uploads/2025/02/MZOO-Zero-Eye-Pressure-3D-Sleeping-Mask.jpg",sleep
Mini Desk LED Lamp,Inkarto,Electronics,249,India,"budget,lighting,desk,study",4.2,120,"A compact LED lamp perfect for late-night study sessions. Lightweight and USB-powered.","https://inkarto.com/cdn/shop/files/612hWm3J2FL._SX522.jpg?v=1761822460&width=535",budget broke
Miniature White Farmhouse Decor,Inkarto,Home Decor,199,India,"budget,decor,aesthetic",4.0,90,"A small minimalist farmhouse decor piece for a clean and calming desk setup.","https://inkarto.com/cdn/shop/files/jags-mumbai-miniature-white-farmhouse-border-41166938308821.jpg?v=1762067119&width=535",budget broke
Inkarto Acrylic Paint Marker,Inkarto,Stationery,99,India,"budget,art,stationery",4.1,150,"A durable acrylic paint marker ideal for labeling, journaling, and creative notes.","https://inkarto.com/cdn/shop/files/D1580-C_2.jpg?v=1760297018&width=535",budget broke
Premium White Matt Spray Paint 150ml,Inkarto,Tools,179,India,"budget,diy,tools",4.0,110,"Reliable acrylic spray paint for DIY fixes and craft projects on a small budget.","https://inkarto.com/cdn/shop/files/jags-mumbai-paint-colours-premium-white-matt-acrylic-spray-paint-150ml-ultra-coverage-41166884045013.jpg?v=1760269274&width=535",Budget_broke
Mixed Sponge Brush Pack (5pc),Inkarto,Tools,129,India,"budget,craft,diy",4.3,200,"A set of sponge brushes for painting, cleaning, and multi-purpose use.","https://inkarto.com/cdn/shop/files/mg-traders-pack-tools-5pc-mixed-sponge-brush-and-tool-mg5223-contain-1-unit-41182836162773.jpg?v=1760287856&width=360",Budget_broke
Right Choice Exam Set,Kaco,Stationery,149,India,"budget,exam,stationery",4.4,180,"A practical exam-friendly set with essential pens and tools for efficient writing.","https://scooboo.in/cdn/shop/files/KacoRightChoiceSetForAnswerSheet.jpg?v=1755237203&width=535",budget broke
Cappy 2-in-1 Sharpener,Keyroad,Stationery,49,India,"budget,sharpener,school",4.1,300,"A compact dual sharpener with cap protection — perfect for school and office use.","https://scooboo.in/cdn/shop/files/keyroad-sharpener-cappy-2-in1-sharpeners-scoobookeyroad6954884574062kr971288-877063.jpg?v=1713219879&width=355",budget broke
Loopy Single Hole Sharpener,Maped,Stationery,39,India,"budget,sharpener,basic",4.0,250,"A simple and durable sharpener for everyday pencil use.","https://scooboo.in/cdn/shop/products/maped-loopy-1-hole-basic-blister-sharpenersharpenersmapedscooboo-0491103154140491109-780740.jpg?v=1644413057&width=355",budget broke
Insignia Softcover A5 Notebook,Anika,Stationery,129,India,"budget,notes,journal",4.3,140,"A softcover A5 journal ideal for daily notes, to-do lists or ideas on a budget.","https://scooboo.in/cdn/shop/files/AnikaInsigniaSoftCoverA5Journal.png?v=1742990513&width=355",budget broke
Anime Minimalist Poster,One O’Clock,Decor,99,India,"budget,anime,decor",4.5,160,"A clean and aesthetic anime print to personalize your study wall.","https://oneoclock.in/cdn/shop/files/mockup.png?v=1759918796&width=360",budget broke
Mini Desk Essentials Hamper,One O’Clock,Gift,199,India,"budget,desk,hamper",4.4,80,"A cute mini hamper containing tiny desk essentials for students.","https://oneoclock.in/cdn/shop/files/hamperlistingimg2.png?v=1764070375&width=360",budget broke
Mini LED Clip Lamp,One O’Clock,Electronics,149,India,"budget,lighting,portable",4.2,170,"A portable clip-on LED lamp great for studying in low light or travel.","https://oneoclock.in/cdn/shop/files/mini_LED_lamp_-_listing_imgs-3.png?v=1752149626&width=360",budget broke
Ascended Warrior Tapestry,Comicsense,Anime,1499,India,"anime,wall-art,tapestry",4.5,50,"High-quality Ascended Warrior anime tapestry.","https://www.comicsense.store/wp-content/uploads/2025/10/Ascended-Warrior-1_comicsense_tapestry-600x800.jpg",anime
Thunder Warrior Tapestry,Comicsense,Anime,1499,India,"anime,wall-art,tapestry",4.4,45,"Vibrant Thunder Warrior anime tapestry.","https://www.comicsense.store/wp-content/uploads/2025/10/Thunder-Warrior-tapestry-1-1_comicsense_tapestry-600x800.jpg",anime
Eternal Sakura Poster,ShoppingNest,Anime,799,India,"anime,poster,decor",4.2,100,"Beautiful anime poster featuring cherry blossoms and serenity.","https://shoppingnest.in/cdn/shop/files/61hk28yFp9L._SL1500_-Copy.jpg?v=1704191624&width=533",anime
Blade of Destiny Poster,ShoppingNest,Anime,799,India,"anime,poster,decor",4.1,95,"Dynamic anime poster of a legendary warrior in action.","https://shoppingnest.in/cdn/shop/files/2_88619fa5-b9bc-480b-be78-2fdb910cd05b.jpg?v=1703849293&width=533",anime
Mystic Moonlight Poster,ShoppingNest,Anime,799,India,"anime,poster,decor",4.3,90,"Enchanting anime poster under a glowing moonlit sky.","https://shoppingnest.in/cdn/shop/files/8_cecd3e36-ed8e-454d-9b02-ff5795187766.jpg?v=1717764509&width=533",anime
Dragon’s Embrace Poster,ShoppingNest,Anime,799,India,"anime,poster,decor",4.2,85,"Epic anime poster featuring a fierce dragon battle scene.","https://shoppingnest.in/cdn/shop/files/2_e7c76091-f756-42ac-a0cc-c09486a75d7e.jpg?v=1717763542",anime
Celestial Guardian Wall Scroll,ShoppingNest,Anime,999,India,"anime,wall-scroll,decor",4.4,70,"Anime tapestry of a celestial warrior protecting the realm.","https://shoppingnest.in/cdn/shop/files/P2168493.jpg?v=1757243305&width=533",anime
Luminous Valkyrie Wall Scroll,ShoppingNest,Anime,999,India,"anime,wall-scroll,decor",4.3,65,"Brightly illustrated anime wall scroll with a valkyrie heroine.","https://shoppingnest.in/cdn/shop/files/1-Photoroom_3.jpg?v=1712491828&width=533",anime
Phantom Samurai Wall Scroll,ShoppingNest,Anime,999,India,"anime,wall-scroll,decor",4.2,60,"Striking anime wall scroll featuring a stealthy samurai.","https://shoppingnest.in/cdn/shop/files/7_3dd63e09-7234-47d2-af66-c8ebd1a9dbcc.jpg?v=1712490432&width=533",anime
Shining Spirit Collectible Figure,ShoppingNest,Anime,1299,India,"anime,figure,collectible",4.5,50,"Highly detailed anime figure with radiant armor and pose.","https://shoppingnest.in/cdn/shop/files/51e1726411f5416b201e1bc0eae1b256.jpg?v=1740220312",anime
Stormbreaker Collectible Figure,ShoppingNest,Anime,1299,India,"anime,figure,collectible",4.4,45,"Anime figure of a powerful warrior wielding a mighty sword.","https://shoppingnest.in/cdn/shop/files/gf.jpg?v=1713614159&width=533",anime
Moonlight Guardian Collectible Figure,ShoppingNest,Anime,1299,India,"anime,figure,collectible",4.3,40,"Elegant anime figure with flowing robes and moon motif.","https://shoppingnest.in/cdn/shop/files/51W_ybkjjML._AC_SS300.jpg?v=1717588431",anime
Inferno Dragon Collectible Figure,ShoppingNest,Anime,1299,India,"anime,figure,collectible",4.2,35,"Anime figure depicting a fire-breathing dragon in action.","https://shoppingnest.in/cdn/shop/files/f5d4faea07045c7fb8699729a84ef863_0046d8cb-6fe3-4bd3-987b-ce938e95d646.webp?v=1718690198&width=533",anime
Shadow Ninja Collectible Figure,ShoppingNest,Anime,1299,India,"anime,figure,collectible",4.1,30,"Sleek ninja anime figure with detailed weapon accessories.","https://shoppingnest.in/cdn/shop/files/S2911607ee62f4013b80bf8f95e7bc7207_da0f941f-a3b0-414e-9af9-99dd1e1bbc07.webp?v=1718626422&width=533",anime
Cute Pink Teddy Bear,FirstCry,toys,499,India,"teddy,cute,soft,crush,gift",4.7,In Stock,"A soft pink teddy bear perfect for cute and thoughtful gifting.","https://cdn.fcglcdn.com/brainbees/images/products/219x265/20044147a.webp",gift_for_crush
Heart Plush Toy,FirstCry,toys,399,India,"plush,romantic,girly,crush,gift",4.8,In Stock,"A small adorable heart-shaped plush toy that gives cozy romantic vibes.","https://cdn.fcglcdn.com/brainbees/images/products/219x265/16461526a.webp",gift_for_crush
Mini Love Teddy Combo,FirstCry,toys,549,India,"teddy combo,love,crush,gift",4.6,In Stock,"A cute double-teddy combo ideal for soft gifting to your crush.","https://cdn.fcglcdn.com/brainbees/images/products/219x265/20044094a.webp",gift_for_crush
Custom Photo Keychain,Etsy,accessory,799,India,"personalized,keychain,crush,gift",4.9,In Stock,"Handmade custom photo keychain to give a personal touch to your gift.","https://i.etsystatic.com/47116799/r/il/8f5657/7325815674/il_600x600.7325815674_frrp.jpg",gift_for_crush
Minimal Heart Pendant,Etsy,jewelry,899,India,"heart pendant,aesthetic,minimal,crush,gift",4.8,In Stock,"A tiny minimalist heart necklace — sweet and not too intense.","https://i.etsystatic.com/37708578/c/2250/2250/0/576/il/5d1f81/5401375926/il_600x600.5401375926_pwha.jpg",gift_for_crush
Flower Resin Necklace,Etsy,jewelry,950,India,"handmade,resin,jewelry,aesthetic,crush,gift",4.9,In Stock,"A beautiful real-flower resin necklace perfect for Gen-Z aesthetic lovers.","https://i.etsystatic.com/58647900/r/il/dad105/6793246408/il_600x600.6793246408_nnra.jpg",gift_for_crush
Personalized Moments Hamper,IGP,gift hamper,1490,India,"hamper,personalized,romantic,crush,gift",4.7,In Stock,"A curated personal hamper with your custom photos for a meaningful gift.","https://cdnnew.igp.com/f_auto,q_auto,t_pnopt7prodlp/products/p-loving-moments-personalized-hamper-268460-m.jpg",gift_for_crush
Personalized Silver Pendant For Her,IGP,jewelry,1290,India,"personalized,jewelry,crush,gift",4.8,In Stock,"A beautiful silver pendant engraved with her name or initials.","https://cdnnew.igp.com/f_auto,q_auto,t_pnopt7prodlp/products/p-loving-gaze-personalized-silver-pendant-for-her-407470-m.jpg",gift_for_crush
Personalized Dolphin Jewellery Set,IGP,jewelry,990,India,"cute jewelry,personalized,girl gift,crush,gift",4.6,In Stock,"A cute dolphin-themed jewelry set that feels playful and unique.","https://cdnnew.igp.com/f_auto,q_auto,t_pnopt7prodlp/products/p-personalized-dolphin-girls-jewellery-set-198091-m.jpg",gift_for_crush
Love Pookie Mug,FNP,home decor,499,India,"mug,cute,text-based,crush,gift",4.8,In Stock,"A cute ‘Pookie’ mug perfect for a lighthearted crush gift.","https://static-assets-prod.fnp.com/images/pr/l/v20250204153041/mug-of-love-for-your-pookie_1.jpg",gift_for_crush
Rose & Candle Serenade,FNP,gift set,799,India,"candle,romantic,rose,crush,gift",4.9,In Stock,"A romantic candle + rose combo for a magical, soft aesthetic gift.","https://static-assets-prod.fnp.com/images/pr/l/v300/rose-n-candle-serenade_1.jpg",gift_for_crush
Personalized Gift Set For Her,FNP,gift hamper,1299,India,"personalized,hamper,girl gift,crush,gift",4.8,In Stock,"A premium customized gift set curated specially for women.","https://static-assets-prod.fnp.com/images/pr/l/v20250506161941/personalised-gift-set-for-her_1.jpg",gift_for_crush
Treat Box Snack Hamper,FNP,hamper,649,India,"snacks,hamper,cute gift,crush,gift",4.7,In Stock,"An adorable treat box filled with chocolates and goodies.","https://static-assets-prod.fnp.com/images/pr/l/v300/fathers-day-treat-box_1.jpg",gift_for_crush
Blossom Brews Tea Gift Box,FNP,hamper,799,India,"tea gift,aesthetic,soft vibe,crush,gift",4.8,In Stock,"A calming premium tea box for a soft thoughtful gift.","https://static-assets-prod.fnp.com/images/pr/l/v300/blossom-brews-tea-gift-box_1.jpg",gift_for_crush
Polycarbonate Spinner Luggage 20” Carry-On,Safari,Luggage,2999,India,"travel,luggage,bag",4.3,25,"Durable polycarbonate carry-on luggage with smooth wheels.","",travel
Wildcraft Graphic Backpack 45L,Wildcraft,Backpack,2599,India,"travel,backpack,hiking",4.4,30,"45L durable Indian-made backpack for travel and trekking.","https://assets.myntassets.com/w_412%2Cq_30%2Cdpr_3%2Cfl_progressive%2Cf_webp/assets/images/7770871/2018/12/6/d4f64c83-6d3f-4dff-bbd2-b231024963491544093810915-Wildcraft-Unisex-Blue-Graphic-Backpack-4661544093809598-1.jpg",travel
Travel Neck Pillow,Peps,Neck Pillow,699,India,"travel,comfort,pillow",4.1,40,"Soft ergonomic neck pillow designed for long travel hours.","https://pepsindia.b-cdn.net/wp-content/uploads/2025/03/Travel-Neck-Pillow-2.jpg",travel
Portable Hand Sanitizer,,Travel Accessory,99,India,"travel,hygiene",4.2,120,"Compact sanitizer bottle for hygiene while travelling.","https://m.media-amazon.com/images/I/41EVBDIoyuL._SL160_.jpg",travel
AdventureWorx Toiletry Kit,AdventureWorx,Toiletry Kit,499,India,"travel,toiletry,organizer",4.0,50,"Compact toiletry kit with multiple compartments.","https://adventureworx.in/wp-content/uploads/2024/02/go-x-reg-toiletry-kit-600x799.jpg",travel
Passport Holder Wallet,,Travel Accessory,349,India,"travel,wallet,organizer",4.3,60,"Slim passport holder for secure travel document storage.","https://5.imimg.com/data5/SELLER/Default/2025/3/494289796/DY/ZG/WI/240365706/51szhexwqpl-sl1500-500x500.jpg",travel
Travel Mini First Aid Kit,,Travel Kit,299,India,"travel,firstaid,health",4.5,20,"Compact first aid kit for safe travelling.","https://sp.yimg.com/ib/th?id=OPAC.tNx7Ajam2C9eMA474C474&o=5&pid=21.1&w=174&h=174",travel
Onion Shampoo,Mamaearth,Haircare,349,India,"hairfall, strengthening, shampoo",4.4,In Stock,"Reduces hair fall and strengthens roots for smoother, healthier hair.","https://images.mamaearth.in/catalog/product/1/_/1_197.jpg?format=auto&width=400&height=400",glowup
Rosemary Hair Oil,Mamaearth,Haircare,399,India,"hair growth, rosemary, nourishment",4.5,In Stock,"Boosts scalp circulation and supports natural hair growth.","https://images.mamaearth.in/catalog/product/r/o/rosemary_oil.jpg?format=auto&height=600",glowup 
Ubtan Face Wash,Mamaearth,Skincare,299,India,"brightening, tan removal, daily wash",4.3,In Stock,"Brightens skin tone and removes tan with turmeric and saffron.","https://images.mamaearth.in/catalog/product/1/_/1_69.jpg?format=auto&width=400&height=400",glowup
Vitamin C Serum,Mamaearth,Skincare,599,India,"glow, vitamin c, dark spots",4.4,In Stock,"Boosts glow, fades pigmentation and evens out skin tone.","https://images.mamaearth.in/catalog/product/1/_/1_119.jpg?format=auto&height=600",glowup
Nourishing Body Lotion,RAS Luxury,Bodycare,745,India,"body lotion, hydration, luxury",4.5,In Stock,"Deeply moisturizes skin with natural botanicals for all-day softness.","https://images-static.nykaa.com/media/catalog/product/e/3/e36770cRASLU00000242d_0.jpg",glowup
SkinRX Lightweight Moisturizer,Nykaa,Skincare,349,India,"hydrating, lightweight, daily cream",4.4,In Stock,"Lightweight moisturizer suitable for all skin types and daily use.","https://images-static.nykaa.com/media/catalog/product/tr:w-220,h-220,cm-pad_resize/3/4/34f8996NYKEYM0000043_1.jpg",glowup
SkinRX Lightweight Moisturizer HD,Nykaa,Skincare,349,India,"hydrating, moisturizer, skinrx",4.4,In Stock,"HD version image — deeply hydrates and keeps skin smooth.","https://images-static.nykaa.com/media/catalog/product/tr:h-800,w-800,cm-pad_resize/3/4/34f8996NYKEYM0000043_1.jpg",glowup
Hair Repair Mask,Earth Rhythm,Haircare,599,India,"repair, damage control, hair mask",4.5,In Stock,"Repairs damaged hair and reduces frizz with natural ingredients.","https://images-static.nykaa.com/media/catalog/product/tr:h-800,w-800,cm-pad_resize/3/4/34f8996EARAA00000381_1.jpg",glowup
Charcoal Face Mask,Mamaearth,Skincare,499,India,"detox, charcoal, pore care",4.2,In Stock,"Detoxifies skin and clears pores for a refreshed look.","https://images-static.nykaa.com/media/catalog/product/tr:w-220,h-220,cm-pad_resize/b/4/b46b2d68901030707858_1.jpg",glowup
SPF 50 Sunscreen,Nykd by Nykaa,Skincare,449,India,"sunscreen, spf50, uv protection",4.6,In Stock,"Protects skin from harmful UV rays with lightweight formula.","https://images-static.nykaa.com/media/catalog/product/tr:w-220,h-220,cm-pad_resize/1/1/1185643NYKMCF0000002_01.jpg",glowup
Herbal Essences Conditioner,Herbal Essences,Haircare,299,India,"conditioner, smoothing, frizz control",4.3,In Stock,"Smoothens and softens hair while reducing frizz.","https://images-static.nykaa.com/media/catalog/product/tr:w-220,h-220,cm-pad_resize/a/b/abafe9fHH_89011385081592.jpg",glowup
Papaya Face Scrub,Biotique,Skincare,199,India,"scrub, exfoliating, brightening",4.2,In Stock,"Exfoliates dead skin and brightens complexion with papaya extracts.","https://images-static.nykaa.com/media/catalog/product/tr:w-220,h-220,cm-pad_resize/0/2/02c28898901138844172_1.jpg",glowup
Motivational Study Poster - Keep Going,Inkarto,Poster,249,India,"study,motivation,wall-decor",4.6,120,"High-quality matte poster designed to spark motivation during study hours.","https://inkarto.com/cdn/shop/files/WhatsAppImage2024-06-27at5.07.00PM.jpg?v=1760938175&width=535",study
Artist Sketchbook Spiral A4,Himalaya Fine Art,Notebook,199,India,"notes,sketching,study",4.5,200,"A4 spiral-bound sketchbook suitable for diagrams and creative study layouts.","https://www.himalayafineart.com/cdn/shop/files/A00019603_540x.jpg?v=1752147175",study
Brown Leather Study Desk Organizer,Generic,Desk Organizer,450,India,"desk-setup,study,productivity",4.4,80,"Premium desk organizer to keep pens and accessories neatly arranged.","https://5.imimg.com/data5/SELLER/Default/2021/11/AX/AI/WP/52348859/2-500x500.jpeg",study
Anime Motivation Poster - Rock Lee,One O'Clock,Poster,299,India,"anime,motivation,study",4.7,150,"Inspiring Rock Lee poster perfect for anime-loving students.","https://oneoclock.in/cdn/shop/files/Rock_lee.png?v=1750240425&width=360",study
Minimal Study Desk Mat - Grey,One O'Clock,Desk Mat,599,India,"minimal,study-setup,workspace",4.5,90,"Large premium desk mat for a clean and comfortable study workspace.","https://oneoclock.in/cdn/shop/files/mockup-1_af123682-2127-4867-9cd7-93612d4ff8ad.png?v=1754635139&width=360",study
Blue Quiet-Click Wireless Mouse,Turron,Electronics,899,India,"tech,wireless,silent-click",4.6,110,"Ultra-silent wireless mouse ideal for library or late-night study.","https://www.turron.in/cdn/shop/products/81xxTsQm1LL._SL1500.jpg?v=1676626517&width=360",study
Apsara Fro Pencils - Pack of 10,Apsara,Stationery,70,India,"pencils,writing,study",4.4,500,"Smooth-writing pencils with break-resistant lead.","https://statmo.in/wp-content/uploads/2025/05/Apsara-FroPencils-Pack-of-10-min.jpg",study
Deli Desktop Pen Holder,Deli,Desk Organizer,350,India,"desk,organizer,study",4.5,130,"Multi-section pen holder to keep your study table tidy.","https://scooboo.in/cdn/shop/products/deli-w9154-versatile-pen-holder-desktop-organiser-scooboo-811596.jpg?v=1689425070&width=355",study
LED Study Lamp - Adjustable,Smiledrive,Lamp,1199,India,"lighting,study,focus",4.6,70,"Flexible LED lamp offering bright and focused desk lighting.","https://smiledrive.in/cdn/shop/files/617o36BFixL._SL1500.jpg?v=1696062397&width=360",study
Hunter Green 1L Water Bottle,Solara,Accessories,499,India,"gym,water bottle,hydration",4.3,200,"Durable 1 L steel water bottle ideal for gym sessions and workouts.",https://www.solara.in/cdn/shop/files/Hunter_Green_1L_1.png?v=1761375029&width=1080 ,gym
Body Pump Adjustable Dumbbell Set,OneClearWinner,Fitness Equipment,1999,India,"gym,weights,adjustable dumbbell",4.4,50,"Adjustable dumbbell set for home workouts covering multiple weight levels.",https://reviews.oneclearwinner.com/_next/image/?url=https%3A%2F%2Fm.media-amazon.com%2Fimages%2FI%2F41hQtfhfTTL._SL160_.jpg&w=384&q=75 ,gym
Workout Resistance Band Set,Generic,Accessories,699,India,"gym,resistance band,training",4.2,150,"Set of resistance bands for strength training, stretching and flexibility.",https://m.media-amazon.com/images/I/51RvLI06QWL._AC_UL480_FMwebp_QL65_.jpg ,gym
Boldfit Yoga & Workout Mat,Boldfit,Accessories,799,India,"gym,yoga mat,workout",4.5,120,"Non-slip workout mat suitable for yoga, stretching, and floor exercises.",https://www.boldfit.com/cdn/shop/files/Artboard_2_7dbb534e-d1ed-4cb1-b2e2-64439018e1ed.jpg?v=1758961342&width=1440 ,gym
Bulmarc Whey Protein 1kg,Bulmarc,Supplements,1499,India,"gym,protein,fitness",4.4,100,"High-protein whey supplement for muscle recovery post-gym.",https://bulmarc.com/cdn/shop/files/Cover.png?v=1760426224&width=600 ,gym
Adjustable Tripod Bottle Holder,Generic,Accessories,299,India,"gym,accessory,hydration",4.1,180,"Portable bottle holder ideal for gym bags or outdoor workouts.",https://m.media-amazon.com/images/I/716GY+VZgDL._AC_UL480_FMwebp_QL65_.jpg ,gym
Dr Trust Foam Roller,Dr Trust,Accessories,699,India,"gym,foam roller,recovery",4.3,90,"Grid foam roller for muscle recovery, pre-workout warm-up and post-workout stretch.",https://drtrust.in/cdn/shop/files/dr-trust-usa-exercise-roller-grid-foam-roller-exerciser-rumble-roller-1194967470.jpg?v=1758980687&width=800 ,gym
SoulFlex Compact Jump Rope,SoulFlex,Accessories,399,India,"gym,cardio,jumprope",4.0,200,"Compact, adjustable skip rope for cardio warm-ups and home workouts.",https://www.soulflex.in/cdn/shop/files/Double_Sided_Creatives_7_2.jpg?v=1754400695&width=990 ,gym